{
    "iptm+ptm": {
        "model_1_multimer_v2_pred_0": 0.51313431990729,
        "model_1_multimer_v2_pred_1": 0.511674454291699,
        "model_1_multimer_v2_pred_2": 0.5217643097672174,
        "model_1_multimer_v2_pred_3": 0.5230974121710332,
        "model_1_multimer_v2_pred_4": 0.5230424381573017,
        "model_2_multimer_v2_pred_0": 0.49790577653059626,
        "model_2_multimer_v2_pred_1": 0.5050305584847695,
        "model_2_multimer_v2_pred_2": 0.5044542347545259,
        "model_2_multimer_v2_pred_3": 0.5033441866508661,
        "model_2_multimer_v2_pred_4": 0.4996061201361308,
        "model_3_multimer_v2_pred_0": 0.5626358052867227,
        "model_3_multimer_v2_pred_1": 0.5555134132449372,
        "model_3_multimer_v2_pred_2": 0.558075442443148,
        "model_3_multimer_v2_pred_3": 0.5560430281471416,
        "model_3_multimer_v2_pred_4": 0.5580885295080015,
        "model_4_multimer_v2_pred_0": 0.5367523129436822,
        "model_4_multimer_v2_pred_1": 0.5284476232557325,
        "model_4_multimer_v2_pred_2": 0.5207090254384606,
        "model_4_multimer_v2_pred_3": 0.509725395497799,
        "model_4_multimer_v2_pred_4": 0.5272549688906782,
        "model_5_multimer_v2_pred_0": 0.5206418057974026,
        "model_5_multimer_v2_pred_1": 0.5336579092289332,
        "model_5_multimer_v2_pred_2": 0.5392584015457224,
        "model_5_multimer_v2_pred_3": 0.5209384062128709,
        "model_5_multimer_v2_pred_4": 0.5362906971250332
    },
    "order": [
        "model_3_multimer_v2_pred_0",
        "model_3_multimer_v2_pred_4",
        "model_3_multimer_v2_pred_2",
        "model_3_multimer_v2_pred_3",
        "model_3_multimer_v2_pred_1",
        "model_5_multimer_v2_pred_2",
        "model_4_multimer_v2_pred_0",
        "model_5_multimer_v2_pred_4",
        "model_5_multimer_v2_pred_1",
        "model_4_multimer_v2_pred_1",
        "model_4_multimer_v2_pred_4",
        "model_1_multimer_v2_pred_3",
        "model_1_multimer_v2_pred_4",
        "model_1_multimer_v2_pred_2",
        "model_5_multimer_v2_pred_3",
        "model_4_multimer_v2_pred_2",
        "model_5_multimer_v2_pred_0",
        "model_1_multimer_v2_pred_0",
        "model_1_multimer_v2_pred_1",
        "model_4_multimer_v2_pred_3",
        "model_2_multimer_v2_pred_1",
        "model_2_multimer_v2_pred_2",
        "model_2_multimer_v2_pred_3",
        "model_2_multimer_v2_pred_4",
        "model_2_multimer_v2_pred_0"
    ]
}