{
    "features": 4259.034564733505,
    "process_features_model_1_multimer_v2_pred_0": 1.3113021850585938e-05,
    "predict_and_compile_model_1_multimer_v2_pred_0": 183.08511805534363,
    "relax_model_1_multimer_v2_pred_0": 28.342071294784546,
    "process_features_model_1_multimer_v2_pred_1": 5.7220458984375e-06,
    "predict_and_compile_model_1_multimer_v2_pred_1": 59.667694091796875,
    "relax_model_1_multimer_v2_pred_1": 26.010352611541748,
    "process_features_model_1_multimer_v2_pred_2": 4.76837158203125e-06,
    "predict_and_compile_model_1_multimer_v2_pred_2": 59.72386717796326,
    "relax_model_1_multimer_v2_pred_2": 19.30760383605957,
    "process_features_model_1_multimer_v2_pred_3": 5.4836273193359375e-06,
    "predict_and_compile_model_1_multimer_v2_pred_3": 59.67833971977234,
    "relax_model_1_multimer_v2_pred_3": 19.374990940093994,
    "process_features_model_1_multimer_v2_pred_4": 3.504753112792969e-05,
    "predict_and_compile_model_1_multimer_v2_pred_4": 59.62942314147949,
    "relax_model_1_multimer_v2_pred_4": 19.299205541610718,
    "process_features_model_2_multimer_v2_pred_0": 4.5299530029296875e-06,
    "predict_and_compile_model_2_multimer_v2_pred_0": 101.49391293525696,
    "relax_model_2_multimer_v2_pred_0": 27.850605964660645,
    "process_features_model_2_multimer_v2_pred_1": 4.76837158203125e-06,
    "predict_and_compile_model_2_multimer_v2_pred_1": 59.75813436508179,
    "relax_model_2_multimer_v2_pred_1": 26.720067977905273,
    "process_features_model_2_multimer_v2_pred_2": 1.0013580322265625e-05,
    "predict_and_compile_model_2_multimer_v2_pred_2": 59.85236167907715,
    "relax_model_2_multimer_v2_pred_2": 35.1410756111145,
    "process_features_model_2_multimer_v2_pred_3": 4.5299530029296875e-06,
    "predict_and_compile_model_2_multimer_v2_pred_3": 59.885321855545044,
    "relax_model_2_multimer_v2_pred_3": 19.403235912322998,
    "process_features_model_2_multimer_v2_pred_4": 7.867813110351562e-06,
    "predict_and_compile_model_2_multimer_v2_pred_4": 59.665915727615356,
    "relax_model_2_multimer_v2_pred_4": 20.38238549232483,
    "process_features_model_3_multimer_v2_pred_0": 4.5299530029296875e-06,
    "predict_and_compile_model_3_multimer_v2_pred_0": 101.70200300216675,
    "relax_model_3_multimer_v2_pred_0": 20.176735639572144,
    "process_features_model_3_multimer_v2_pred_1": 7.3909759521484375e-06,
    "predict_and_compile_model_3_multimer_v2_pred_1": 59.90810775756836,
    "relax_model_3_multimer_v2_pred_1": 29.188411951065063,
    "process_features_model_3_multimer_v2_pred_2": 1.2159347534179688e-05,
    "predict_and_compile_model_3_multimer_v2_pred_2": 59.9499671459198,
    "relax_model_3_multimer_v2_pred_2": 20.175556421279907,
    "process_features_model_3_multimer_v2_pred_3": 8.344650268554688e-06,
    "predict_and_compile_model_3_multimer_v2_pred_3": 59.79882454872131,
    "relax_model_3_multimer_v2_pred_3": 19.731226921081543,
    "process_features_model_3_multimer_v2_pred_4": 8.344650268554688e-06,
    "predict_and_compile_model_3_multimer_v2_pred_4": 60.12616229057312,
    "relax_model_3_multimer_v2_pred_4": 20.14613127708435,
    "process_features_model_4_multimer_v2_pred_0": 8.106231689453125e-06,
    "predict_and_compile_model_4_multimer_v2_pred_0": 103.20234060287476,
    "relax_model_4_multimer_v2_pred_0": 20.644049644470215,
    "process_features_model_4_multimer_v2_pred_1": 8.58306884765625e-06,
    "predict_and_compile_model_4_multimer_v2_pred_1": 59.71949219703674,
    "relax_model_4_multimer_v2_pred_1": 29.708329439163208,
    "process_features_model_4_multimer_v2_pred_2": 4.76837158203125e-06,
    "predict_and_compile_model_4_multimer_v2_pred_2": 59.673393964767456,
    "relax_model_4_multimer_v2_pred_2": 35.60852861404419,
    "process_features_model_4_multimer_v2_pred_3": 4.5299530029296875e-06,
    "predict_and_compile_model_4_multimer_v2_pred_3": 59.55240797996521,
    "relax_model_4_multimer_v2_pred_3": 19.784255266189575,
    "process_features_model_4_multimer_v2_pred_4": 7.867813110351562e-06,
    "predict_and_compile_model_4_multimer_v2_pred_4": 59.75571346282959,
    "relax_model_4_multimer_v2_pred_4": 21.415969133377075,
    "process_features_model_5_multimer_v2_pred_0": 8.58306884765625e-06,
    "predict_and_compile_model_5_multimer_v2_pred_0": 104.4470272064209,
    "relax_model_5_multimer_v2_pred_0": 39.75113105773926,
    "process_features_model_5_multimer_v2_pred_1": 5.245208740234375e-06,
    "predict_and_compile_model_5_multimer_v2_pred_1": 59.82440161705017,
    "relax_model_5_multimer_v2_pred_1": 19.21722388267517,
    "process_features_model_5_multimer_v2_pred_2": 9.5367431640625e-06,
    "predict_and_compile_model_5_multimer_v2_pred_2": 59.86111259460449,
    "relax_model_5_multimer_v2_pred_2": 20.94260025024414,
    "process_features_model_5_multimer_v2_pred_3": 4.5299530029296875e-06,
    "predict_and_compile_model_5_multimer_v2_pred_3": 60.0029776096344,
    "relax_model_5_multimer_v2_pred_3": 33.02013564109802,
    "process_features_model_5_multimer_v2_pred_4": 8.344650268554688e-06,
    "predict_and_compile_model_5_multimer_v2_pred_4": 60.002591371536255,
    "relax_model_5_multimer_v2_pred_4": 34.735825538635254
}